Dataset,Sample,Standard_Timesteps,NN_Started_Timesteps,Standard_Permeability,NN_Permeability,Speedup_Ratio,Perm_Error [%]
Spherical Pores,Sample_0014,1000.0,600.0,1116.8968,1121.9327,1.6666666666666667,0.4508831970867929
Spherical Pores,Sample_0100,400.0,400.0,3812.9811,3808.7341,1.0,0.1113826659146001
Spherical Pores,Sample_0016,1400.0,1000.0,1694.2045,1690.8192,1.4,0.19981649204686583
Spherical Pores,Sample_0005,1400.0,1000.0,751.78344,747.41084,1.4,0.5816302630981116
Spherical Pores,Sample_0029,1800.0,1400.0,1141.4924,1144.3324,1.2857142857142858,0.2487971010582215
Spherical Pores,Sample_0056,1000.0,800.0,5475.0994,5472.6312,1.25,0.04508046009174284
Spherical Pores,Sample_0013,1000.0,600.0,1116.8968,1118.6982,1.6666666666666667,0.16128616359184286
Spherical Pores,Sample_0042,800.0,600.0,2150.3146,2141.5675,1.3333333333333333,0.406782337803038
Spherical Pores,Sample_0098,400.0,400.0,3522.8759,3514.9879,1.0,0.2239079724607932
Spherical Pores,Sample_0120,800.0,400.0,10520.866,10509.427,2.0,0.10872679112157027
Spherical Pores,Sample_0007,1400.0,1000.0,751.78344,747.98497,1.4,0.5052611959635697
Spherical Pores,Sample_0058,1000.0,800.0,5475.0994,5473.4681,1.25,0.029794892856191985
Spherical Pores,Sample_0119,600.0,400.0,9269.4662,9274.1672,1.5,0.05071489445637239
Spherical Pores,Sample_0044,800.0,600.0,2363.5579,2361.9663,1.3333333333333333,0.06733915847797695
Spherical Pores,Sample_0045,800.0,600.0,2363.5579,2357.4485,1.3333333333333333,0.25848319603255004
Spherical Pores,Sample_0038,800.0,600.0,1152.4408,1143.2532,1.3333333333333333,0.7972296711466632
Spherical Pores,Sample_0040,800.0,400.0,2150.3146,2141.0934,2.0,0.42883027441658783
Spherical Pores,Sample_0076,400.0,400.0,3327.8474,3310.1234,1.0,0.5325965367282214
Spherical Pores,Sample_0046,800.0,600.0,2363.5579,2362.0834,1.3333333333333333,0.06238476324188239
Spherical Pores,Sample_0097,400.0,400.0,3522.8759,3514.1663,1.0,0.24722982719885583
Spherical Pores,Sample_0047,800.0,600.0,2363.5579,2363.4963,1.3333333333333333,0.0026062403633098454
Spherical Pores,Sample_0118,600.0,400.0,9269.4662,9272.9254,1.5,0.037318222272597824
Spherical Pores,Sample_0103,400.0,400.0,3812.9811,3808.8043,1.0,0.10954158676527888
Spherical Pores,Sample_0009,1600.0,1400.0,1336.7765,1326.5605,1.1428571428571428,0.7642264806420441
Spherical Pores,Sample_0079,400.0,400.0,3327.8474,3311.9463,1.0,0.47781938558841497
Spherical Pores,Sample_0122,800.0,400.0,10520.866,10508.865,2.0,0.11406855671386941
Spherical Pores,Sample_0000,1400.0,800.0,637.76846,640.46535,1.75,0.4228634950056858
Spherical Pores,Sample_0101,400.0,400.0,3812.9811,3808.2229,1.0,0.12478949869433553
Spherical Pores,Sample_0030,1800.0,1400.0,1141.4924,1142.6627,1.2857142857142858,0.10252367865086069
Spherical Pores,Sample_0085,800.0,800.0,4545.553,4535.982,1.0,0.2105574393258623
Spherical Grains,Sample_0000,1000.0,800.0,725.41981,722.37002,1.25,0.4204172477727111
Spherical Grains,Sample_0053,600.0,600.0,1626.8793,1602.8195,1.0,1.4788927488351469
Spherical Grains,Sample_0112,600.0,400.0,4678.7311,4671.1321,1.5,0.1624158310786478
Spherical Grains,Sample_0030,1200.0,600.0,288.99783,289.88252,2.0,0.3061234058400984
Spherical Grains,Sample_0088,1000.0,600.0,3619.1783,3600.1781,1.6666666666666667,0.5249865694652278
Spherical Grains,Sample_0052,600.0,600.0,1626.8793,1600.9137,1.0,1.5960372720951084
Spherical Grains,Sample_0050,600.0,400.0,1015.2048,1012.4536,1.5,0.27099950670051265
Spherical Grains,Sample_0117,800.0,400.0,5400.7584,5402.6891,2.0,0.035748682999778104
Spherical Grains,Sample_0037,1200.0,800.0,324.34551,322.15449,1.5,0.6755203733204078
Spherical Grains,Sample_0123,1000.0,400.0,1691.8388,1691.3901,2.5,0.026521439276597572
Spherical Grains,Sample_0094,1000.0,600.0,1933.4504,1928.5858,1.6666666666666667,0.25160200644401753
Spherical Grains,Sample_0011,800.0,400.0,946.85996,947.53161,2.0,0.07093446004412307
Spherical Grains,Sample_0042,800.0,600.0,1189.7556,1183.547,1.3333333333333333,0.5218382666154237
Spherical Grains,Sample_0041,800.0,600.0,1189.7556,1183.7168,1.3333333333333333,0.5075664279285627
Spherical Grains,Sample_0070,1000.0,600.0,1583.8121,1576.5444,1.6666666666666667,0.45887387777881633
Spherical Grains,Sample_0001,1000.0,800.0,725.41981,722.54964,1.25,0.3956564130775571
Spherical Grains,Sample_0029,1200.0,800.0,288.99783,288.02038,1.5,0.3382205326593743
Spherical Grains,Sample_0085,800.0,400.0,1230.8847,1238.7009,2.0,0.6350066744675582
Spherical Grains,Sample_0054,600.0,600.0,1626.8793,1604.5622,1.0,1.3717735544363974
Spherical Grains,Sample_0098,400.0,600.0,4202.9778,4236.4425,0.6666666666666666,0.796214055663117
Spherical Grains,Sample_0058,800.0,400.0,1188.3641,1183.3622,2.0,0.42090635353255607
Spherical Grains,Sample_0073,1000.0,400.0,1204.7402,1190.0483,2.5,1.2195077411710868
Spherical Grains,Sample_0079,800.0,600.0,1817.5987,1818.6757,1.3333333333333333,0.059254003647779795
Spherical Grains,Sample_0103,800.0,600.0,1510.3155,1506.8149,1.3333333333333333,0.23177938649241497
Spherical Grains,Sample_0092,1000.0,800.0,1933.4504,1928.1292,1.25,0.2752178178452296
Spherical Grains,Sample_0033,1800.0,1600.0,384.4515,382.21037,1.125,0.5829421916678692
Spherical Grains,Sample_0091,1000.0,600.0,3619.1783,3600.1826,1.6666666666666667,0.5248622318496976
Spherical Grains,Sample_0022,600.0,600.0,4091.1129,4084.7868,1.0,0.1546302963186429
Spherical Grains,Sample_0024,3800.0,3200.0,14.806122,14.029729,1.1875,5.2437295869911145
Spherical Grains,Sample_0034,1800.0,1400.0,384.4515,383.82533,1.2857142857142858,0.16287360044114846
Leopard,Sample_0101,1200.0,1200.0,696.87083,695.44423,1.0,0.2047151263312324
Leopard,Sample_0138,1800.0,1000.0,244.63455,243.10103,1.8,0.6268615778106492
Leopard,Sample_0120,1200.0,600.0,409.42356,406.58271,2.0,0.6938657853495263
Leopard,Sample_0119,600.0,600.0,568.08441,561.0993,1.0,1.2295901589695228
Leopard,Sample_0001,1600.0,1200.0,459.66149,459.74492,1.3333333333333333,0.018150313179371273
Leopard,Sample_0110,1600.0,800.0,242.05561,239.58768,2.0,1.0195714943355354
CastleGate,Sample_0191,800.0,400.0,506.03943,506.06911,2.0,0.0058651556065585
CastleGate,Sample_0260,800.0,400.0,1486.2338,1488.6947,2.0,0.1655796012713503
CastleGate,Sample_0262,800.0,400.0,1486.2338,1488.5271,2.0,0.1543027752430368
CastleGate,Sample_0180,800.0,600.0,1599.2552,1593.8737,1.3333333333333333,0.3365003909319763
CastleGate,Sample_0238,800.0,400.0,748.67713,743.73002,2.0,0.6607801683484129
CastleGate,Sample_0149,2000.0,1600.0,323.69468,318.46682,1.25,1.6150589808890343
CastleGate,Sample_0034,2200.0,1600.0,247.18503,243.48598,1.375,1.4964700734506453
CastleGate,Sample_0236,800.0,600.0,748.67713,741.57339,1.3333333333333333,0.9488389207240798
CastleGate,Sample_0164,1000.0,800.0,741.73814,743.21245,1.25,0.19876421616932705
CastleGate,Sample_0009,1400.0,1000.0,827.01249,821.52826,1.4,0.6631375059401958
CastleGate,Sample_0080,1400.0,1200.0,645.66725,635.54526,1.1666666666666667,1.5676790173266466
CastleGate,Sample_0256,1600.0,800.0,207.77876,207.87558,2.0,0.0465976406828148
CastleGate,Sample_0247,1200.0,1000.0,256.3465,254.2243,1.2,0.8278638483458882
CastleGate,Sample_0135,3000.0,2600.0,264.85158,263.17554,1.1538461538461537,0.6328223528060509
CastleGate,Sample_0040,1000.0,400.0,660.46895,638.19062,2.5,3.373107850111649
CastleGate,Sample_0195,800.0,600.0,455.06316,453.40823,1.3333333333333333,0.36367039687413477
CastleGate,Sample_0215,3200.0,1600.0,134.99487,134.85354,2.0,0.10469286721782999
CastleGate,Sample_0190,800.0,400.0,506.03943,506.16441,2.0,0.0246976801787943
CastleGate,Sample_0188,800.0,400.0,506.03943,507.73639,2.0,0.33534145748286653
CastleGate,Sample_0045,800.0,600.0,560.869,556.2784,1.3333333333333333,0.8184798945921409
CastleGate,Sample_0240,800.0,600.0,241.48843,238.05737,1.3333333333333333,1.4207968472858108
CastleGate,Sample_0066,1000.0,600.0,729.47329,728.55442,1.6666666666666667,0.12596348798459364
CastleGate,Sample_0171,3200.0,3000.0,241.12531,237.55653,1.0666666666666667,1.4800520111306457
CastleGate,Sample_0070,2600.0,2000.0,44.376689,42.027639,1.3,5.293432324344879
CastleGate,Sample_0208,1000.0,400.0,874.66356,884.44875,2.5,1.1187375863697875
CastleGate,Sample_0131,3400.0,2200.0,168.95195,166.46847,1.5454545454545454,1.469932723475529
CastleGate,Sample_0209,1000.0,400.0,874.66356,875.28051,2.5,0.07053569260391825
CastleGate,Sample_0017,2800.0,400.0,183.18326,235.38095,7.0,28.49479259185584
CastleGate,Sample_0151,2000.0,1600.0,323.69468,318.67052,1.25,1.5521293090142831
CastleGate,Sample_0137,600.0,600.0,731.92009,723.6811,1.0,1.1256679673869787
Berea Upper Gray,Sample_0023,2000.0,1400.0,99.050006,99.739251,1.4285714285714286,0.695855586318692
Berea Upper Gray,Sample_0058,1400.0,800.0,195.47041,186.42063,1.75,4.629744215505559
Berea Upper Gray,Sample_0000,2400.0,2000.0,99.30959,97.377028,1.2,1.9459973603757748
Berea Upper Gray,Sample_0107,2000.0,1200.0,282.8743,284.14987,1.6666666666666667,0.45093173893846705
Berea Upper Gray,Sample_0175,1600.0,600.0,204.36949,201.99001,2.6666666666666665,1.1643029495253918
Berea Upper Gray,Sample_0189,2200.0,400.0,225.62219,231.07092,5.5,2.41497966135335
Berea Upper Gray,Sample_0040,2800.0,1600.0,157.09211,155.61566,1.75,0.9398626067216234
Berea Upper Gray,Sample_0132,1200.0,800.0,572.15201,570.01702,1.5,0.3731508345133693
Berea Upper Gray,Sample_0125,2000.0,1600.0,346.19842,346.61163,1.25,0.11935640838568597
Berea Upper Gray,Sample_0122,1600.0,600.0,303.55592,306.23881,2.6666666666666665,0.8838206812108906
Berea Upper Gray,Sample_0129,1800.0,1200.0,240.78958,236.83335,1.5,1.6430237554299505
Berea Upper Gray,Sample_0120,1600.0,600.0,303.55592,303.9639,2.6666666666666665,0.1344002778796108
Berea Upper Gray,Sample_0191,2200.0,1000.0,225.62219,224.70273,2.2,0.40752197290523007
Berea Upper Gray,Sample_0070,9200.0,8400.0,28.534294,24.791225,1.0952380952380953,13.11779082391174
Berea Upper Gray,Sample_0214,4200.0,3600.0,33.655394,33.724974,1.1666666666666667,0.20674249126307057
Berea Upper Gray,Sample_0066,1400.0,400.0,322.99871,318.69461,3.5,1.332544021615444
Berea Upper Gray,Sample_0198,1800.0,1200.0,279.82174,275.85163,1.5,1.4187996972644004
Berea Upper Gray,Sample_0131,1800.0,1200.0,240.78958,238.61651,1.5,0.9024767599993304
Berea Upper Gray,Sample_0001,2400.0,1600.0,99.30959,97.124248,1.5,2.200534711703075
Berea Upper Gray,Sample_0138,1400.0,1200.0,559.61449,554.88934,1.1666666666666667,0.8443580508431971
Berea Upper Gray,Sample_0004,600.0,400.0,393.82351,384.1082,1.5,2.4669197631192685
Berea Upper Gray,Sample_0009,2200.0,600.0,283.48244,292.44979,3.6666666666666665,3.16328235357365
Berea Upper Gray,Sample_0076,6600.0,5600.0,35.915689,35.90288,1.1785714285714286,0.03566407983986381
Berea Upper Gray,Sample_0030,2200.0,1600.0,543.56757,541.78612,1.375,0.3277329440385973
Berea Upper Gray,Sample_0021,2000.0,1400.0,99.050006,99.932949,1.4285714285714286,0.8914113543819446
Berea Upper Gray,Sample_0151,1800.0,1200.0,274.49675,267.28746,1.5,2.626366250237939
Berea Upper Gray,Sample_0069,9200.0,8200.0,28.534294,24.203822,1.1219512195121952,15.176376888806152
Berea Upper Gray,Sample_0081,2000.0,1400.0,64.153337,62.304957,1.4285714285714286,2.8811907321360257
Berea Upper Gray,Sample_0186,1000.0,800.0,141.0956,136.57858,1.25,3.2013896960642305
Berea Upper Gray,Sample_0223,800.0,600.0,355.20587,352.85847,1.3333333333333333,0.6608561958731125
Berea Sinter Gray,Sample_0183,1400.0,1200.0,1274.692,1273.9822,1.1666666666666667,0.05568403975235481
Berea Sinter Gray,Sample_0007,3000.0,800.0,98.543406,105.17504,3.75,6.72965779161316
Berea Sinter Gray,Sample_0067,1400.0,600.0,273.43606,271.26539,2.3333333333333335,0.7938492092081684
Berea Sinter Gray,Sample_0126,11400.0,11400.0,16.051272,12.204883,1.0,23.963141363500664
Berea Sinter Gray,Sample_0159,1600.0,1400.0,104.98984,104.69666,1.1428571428571428,0.27924606800049095
Berea Sinter Gray,Sample_0182,1400.0,1200.0,1274.692,1274.1451,1.1666666666666667,0.042904482023896795
Berea Sinter Gray,Sample_0143,1800.0,1200.0,217.29413,216.92485,1.5,0.1699447656501367
Berea Sinter Gray,Sample_0125,11400.0,12400.0,16.051272,12.156986,0.9193548387096774,24.261541390613782
Berea Sinter Gray,Sample_0174,4200.0,3000.0,112.56508,111.36418,1.4,1.0668495060812733
Berea Sinter Gray,Sample_0033,1800.0,800.0,188.30591,185.01509,2.25,1.747592521126939
Berea Sinter Gray,Sample_0171,1400.0,800.0,191.15951,195.06859,1.75,2.0449309584440702
Berea Sinter Gray,Sample_0081,2400.0,1800.0,357.24365,358.45409,1.3333333333333333,0.33882757608147984
Berea Sinter Gray,Sample_0140,1800.0,1000.0,217.29413,217.1667,1.8,0.05864401399154406
Berea Sinter Gray,Sample_0060,1600.0,400.0,218.55896,214.175,4.0,2.005847758426377
Berea Sinter Gray,Sample_0152,1600.0,1200.0,431.74663,427.46322,1.3333333333333333,0.9921119708566118
Berea Sinter Gray,Sample_0113,1600.0,600.0,338.80452,333.84565,2.6666666666666665,1.4636374981065916
Berea Sinter Gray,Sample_0166,1400.0,600.0,154.73686,152.47019,2.3333333333333335,1.4648545924998122
Berea Sinter Gray,Sample_0091,1200.0,800.0,628.19625,634.58865,1.5,1.017580095392175
Berea Sinter Gray,Sample_0154,1600.0,1000.0,431.74663,428.82618,1.6,0.6764268200541507
Berea Sinter Gray,Sample_0073,400.0,600.0,620.19024,582.59275,0.6666666666666666,6.062251156999825
Berea Sinter Gray,Sample_0107,800.0,600.0,498.94991,492.40296,1.3333333333333333,1.3121457422449443
Berea Sinter Gray,Sample_0027,1600.0,1000.0,324.89243,318.43338,1.6,1.9880580166179898
Berea Sinter Gray,Sample_0015,1800.0,600.0,405.43827,397.44157,3.0,1.9723594420427988
Berea Sinter Gray,Sample_0122,5000.0,4400.0,106.64556,103.11618,1.1363636363636365,3.3094486071431413
Berea Sinter Gray,Sample_0169,1400.0,1000.0,191.15951,194.42768,1.4,1.7096559831106481
Berea Sinter Gray,Sample_0077,1400.0,600.0,239.46873,241.71525,2.3333333333333335,0.9381266606291369
Berea Sinter Gray,Sample_0111,2400.0,1000.0,167.5448,166.36492,2.4,0.7042176182131568
Berea Sinter Gray,Sample_0189,2400.0,1600.0,166.91591,165.32212,1.5,0.9548460659022764
Berea Sinter Gray,Sample_0042,2800.0,2200.0,288.23404,283.88734,1.2727272727272727,1.5080453370462414
Berea Sinter Gray,Sample_0034,1800.0,800.0,188.30591,188.4344,2.25,0.06823471446010342
Berea,Sample_0080,1200.0,400.0,396.4287,392.52297,3.0,0.9852288696555032
Berea,Sample_0153,1400.0,400.0,458.71472,451.62793,3.5,1.5449231714212284
Berea,Sample_0007,2200.0,1400.0,197.41124,191.3295,1.5714285714285714,3.080746567419361
Berea,Sample_0098,1800.0,600.0,278.68979,282.39778,3.0,1.3305080175344763
Berea,Sample_0113,1000.0,600.0,607.75153,596.32909,1.6666666666666667,1.879458863723478
Berea,Sample_0033,1800.0,1000.0,89.959316,86.438634,1.8,3.9136380272166673
Berea,Sample_0034,1800.0,800.0,89.959316,85.383305,2.25,5.086756106504865
Berea,Sample_0143,4000.0,3000.0,90.25902,88.100023,1.3333333333333333,2.3920013755966036
Berea,Sample_0045,1200.0,400.0,341.49728,330.74212,3.0,3.1494130787805954
Berea,Sample_0131,600.0,600.0,616.21967,602.91341,1.0,2.15933710782065
Berea,Sample_0107,3600.0,3400.0,104.12298,104.25024,1.0588235294117647,0.12222085845027372
Berea,Sample_0066,1600.0,400.0,325.15525,328.86682,4.0,1.1414762640307958
Berea,Sample_0101,1400.0,600.0,301.61583,299.62311,2.3333333333333335,0.6606815033547874
Berea,Sample_0127,1200.0,600.0,465.90181,448.47192,2.0,3.741108024456913
Berea,Sample_0140,4000.0,3000.0,90.25902,88.413768,1.3333333333333333,2.0443962276568057
Berea,Sample_0022,2600.0,1800.0,101.67525,98.986153,1.4444444444444444,2.6447901529624995
Berea,Sample_0048,1400.0,600.0,357.78172,355.56131,2.3333333333333335,0.6206046524679951
Berea,Sample_0194,2200.0,1800.0,250.08007,245.49709,1.2222222222222223,1.832605053253552
Berea,Sample_0111,1400.0,800.0,349.62395,349.13302,1.75,0.1404165818731788
Berea,Sample_0081,1200.0,400.0,396.4287,387.30327,3.0,2.301909523705018
Berea,Sample_0118,2400.0,1800.0,266.42037,266.24511,1.3333333333333333,0.0657832582395934
Berea,Sample_0165,3200.0,2400.0,127.193,128.30507,1.3333333333333333,0.8743169828528321
Berea,Sample_0084,1800.0,400.0,533.10911,576.29822,4.5,8.101364090364171
Berea,Sample_0114,1000.0,600.0,607.75153,598.92802,1.6666666666666667,1.4518285128792774
Berea,Sample_0012,1400.0,600.0,200.09902,198.53319,2.3333333333333335,0.7825275705997987
Berea,Sample_0152,1400.0,600.0,458.71472,453.51788,2.3333333333333335,1.1329132843175402
Berea,Sample_0186,1400.0,800.0,266.22025,261.34754,1.75,1.830330337380436
Berea,Sample_0095,2000.0,800.0,99.009416,100.24611,2.5,1.249067058430079
Berea,Sample_0068,1400.0,400.0,264.0265,267.31871,3.5,1.2469240776967507
Berea,Sample_0019,1000.0,400.0,837.76551,831.78326,2.5,0.7140721274142581
Bentheimer,Sample_0159,800.0,600.0,832.34793,834.25802,1.3333333333333333,0.229482158981277
Bentheimer,Sample_0057,1600.0,1000.0,218.29013,219.88582,1.6,0.7309950294133731
Bentheimer,Sample_0179,800.0,800.0,884.57745,862.73277,1.0,2.4695045074911235
Bentheimer,Sample_0048,2000.0,1200.0,106.07298,104.10677,1.6666666666666667,1.8536388814569025
Bentheimer,Sample_0276,2200.0,1600.0,327.0384,326.02673,1.375,0.30934287838982755
Bentheimer,Sample_0105,1200.0,800.0,886.90204,882.11428,1.5,0.539829629887879
Bentheimer,Sample_0164,1000.0,600.0,628.43626,626.67115,1.6666666666666667,0.2808733538067864
Bentheimer,Sample_0299,600.0,400.0,1720.8097,1696.8659,1.5,1.3914263732939214
Bentheimer,Sample_0294,1800.0,1200.0,605.55573,607.1054,1.5,0.2559087336189506
Bentheimer,Sample_0304,600.0,400.0,1013.8007,1009.9032,1.5,0.3844443981938498
Bentheimer,Sample_0167,1000.0,600.0,628.43626,626.06345,1.6666666666666667,0.37757369379035494
Bentheimer,Sample_0180,2000.0,1400.0,315.50291,312.61493,1.4285714285714286,0.9153576428185625
Bentheimer,Sample_0189,400.0,600.0,801.98657,785.85078,0.6666666666666666,2.011977582118369
Bentheimer,Sample_0274,4200.0,3600.0,120.26341,119.29557,1.1666666666666667,0.8047668031365446
Bentheimer,Sample_0387,1000.0,600.0,325.36397,321.05106,1.6666666666666667,1.3255647206419285
Bentheimer,Sample_0070,1400.0,600.0,598.59765,598.70484,2.3333333333333335,0.01790685279167834
Bentheimer,Sample_0265,800.0,600.0,1805.7635,1796.1968,1.3333333333333333,0.5297869848404889
Bentheimer,Sample_0042,1200.0,600.0,619.28926,619.83541,2.0,0.08818980648881453
Bentheimer,Sample_0201,800.0,800.0,2479.419,2480.9623,1.0,0.06224442097121431
Bentheimer,Sample_0111,800.0,600.0,667.43362,650.76784,1.3333333333333333,2.4969943827522565
Bentheimer,Sample_0129,4000.0,3600.0,180.93885,177.21677,1.1111111111111112,2.057092769186941
Bentheimer,Sample_0071,1400.0,400.0,598.59765,601.41198,3.5,0.4701538671259279
Bentheimer,Sample_0359,1400.0,1000.0,500.35652,500.17887,1.4,0.03550468374030011
Bentheimer,Sample_0349,1400.0,1200.0,582.80133,580.45615,1.1666666666666667,0.4023978462780837
Bentheimer,Sample_0029,800.0,800.0,3355.2307,3344.3109,1.0,0.3254560111172124
Bentheimer,Sample_0216,600.0,800.0,514.19807,477.42888,0.75,7.150783354748888
Bentheimer,Sample_0031,800.0,800.0,3355.2307,3344.7597,1.0,0.3120798817202049
Bentheimer,Sample_0002,2200.0,1200.0,405.94231,403.90854,1.8333333333333333,0.5009997602861362
Bentheimer,Sample_0337,600.0,600.0,818.57087,811.64119,1.0,0.846558343812059
Bentheimer,Sample_0079,1400.0,1200.0,499.72163,499.52374,1.1666666666666667,0.03960004693013377
